address,appointed_actuary,category,contacts,insurer_name,leader_name,serial_no,source_url,website,website_url
"वन वर्ल्ड सेंटर, टॉवर 1, ज्यूपिटर मिल्स कंपाउंड, 841, एसबी मार्ग, एलफिंस्टन रोड, मुंबई - 400013 One World Centre, Tower 1, Jupiter Mills Compound, 841, S B Marg, Elphinstone Road, Mumbai - 400013",सुश्री योगिता अरोड़ा / Ms. Yogita Arora,health,दूरभाष / Phone - 022 62799505 / 62799502 सीसीओ / CCO: 022-62799561,आदित्य बिड़ला हेल्थ इंश्योरेंस कंपनी लिमिटेड Aditya Birla Health Insurance Co. Ltd.,श्री मयंक बथवाल Mr. Mayank Bathwal,1,https://irdai.gov.in/list-of-health-insurers,Web:www.adityabirlahealthinsurance.com,https://www.adityabirlahealthinsurance.com
"विपुल टेक स्क्वायर, टॉवर सी, तीसरी मंजिल सेक्टर- 43, गोल्फ कोर्स रोड, गुड़गांव -122009 Vipul Tech Square, Tower C, 3rd Floor Sector- 43, Golf Course Road, Gurgaon -122009",श्री सी.एस.द्विवेदी Mr. C.S Dwivedi,health,दूरभाष / Tel: 0124 - 6141810 फैक्स / Fax: 0124 - 6141894,केयर हेल्थ इंश्योरेंस लिमिटेड (पूर्व में रेलिगेयर हेल्थ इंश्योरेंस कंपनी लिमिटेड के नाम से जाना जाता था) Care Health Insurance Ltd. (formerly known as Religare Health Insurance Co. Ltd.),श्री अनुज गुलाटी Mr. Anuj Gulati,2,https://irdai.gov.in/list-of-health-insurers,Web: www.careinsurance.com,https://www.careinsurance.com
"प्रतिष्ठा बहुभुज, 12वां शीर्ष पिल्लूर (बी), #௪௭௧, अन्ना रोड, नंदनम, चेन्नई - 600 035 Prestige Polygon, 12th Top Floor (P), #471, Anna Salai, Nandanam, Chennai - 600 035.",सुश्री अनुपम बंसल Ms. Anupam Bansal,health,दूरभाष / Tel:044 - 40017227,गैलेक्सी हेल्थ इंश्योरेंस कंपनी लिमिटेड. (पूर्व में गैलेक्सी हेल्थ एंड अलाइड इंश्योरेंस कंपनी लिमिटेड के नाम से जाना जाता था) Galaxy Health Insurance Company Limited (formerly known as Galaxy Health and Allied Insurance Co. Ltd),श्री जी श्रीनिवासन Mr. G Srinivasan,3,https://irdai.gov.in/list-of-health-insurers,Web Address: https://www.galaxyhealth.com/,https://www.galaxyhealth.com/
"261/ए, दूसरी मंजिल, बोम्मासंद्रा औद्योगिक क्षेत्र, अनेकल तालुक, बेंगलुरु - 560099 261/A, Second Floor, Bommasandra Industrial Area, Anekal Talauk, Bengaluru - 560099",श्री हिमांशु मनोचा Mr. Himanshu Manocha,health,दूरभाष / Phone: 9821034071,नारायण हेल्थ इंश्योरेंस लिमिटेड Narayana Health Insurance Ltd.,सुश्री शीला अनंत (नामोद्दिष्ट) Ms. Sheela Ananth (Designate),4,https://irdai.gov.in/list-of-health-insurers,Web Address: https://narayanahealth.insurance/,https://narayanahealth.insurance/
"401/402, चौथी मंजिल, रहेजा टाइटेनियम, ऑफ वेस्टर्न एक्सप्रेस हाईवे, गोरेगांव (पूर्व), मुंबई - 400 063 401/402, 4th Floor, Raheja Titanium, Off Western Express Highway, Goregaon (East), Mumbai - 400 063",श्री विशाल जैन Mr. Vishal Jain,health,दूरभाष / Phone: 1800-102-4462,मणिपाल सिग्ना हेल्थ इंश्योरेंस कंपनी लिमिटेड Manipal Cigna Health Insurance Company Limited,--,5,https://irdai.gov.in/list-of-health-insurers,Web address: www.manipalcigna.com,https://www.manipalcigna.com
"सी-98 लाजपत नगर, भाग 1, नई दिल्ली-110024 C-98 Lajpat Nagar, Part 1, New Delhi-110024",श्री मनीष सेन Mr. Manish Sen,health,दूरभाष / Phone : + 91-11-30902000,निवा बूपा हेल्थ इंश्योरेंस कंपनी लिमिटेड Niva Bupa Health Insurance Co Ltd.,श्री कृष्णन रामचन्द्रन Mr. Krishnan Ramachandran,6,https://irdai.gov.in/list-of-health-insurers,Web: www.nivabupa.com,https://www.nivabupa.com
"स्टार हेल्थ एंड एलाइड इंश्योरेंस कंपनी लिमिटेड 1, न्यू टैंक स्ट्रीट, वल्लुवर कोट्टम हाई रोड, नुंगमबक्कम, चेन्नई- 600 034 Star Health & Allied Insurance Co.Ltd. 1, New Tank Street, Valluvar Kottam High Road, Nungambakkam, Chennai- 600 034",श्री अश्वनी कुमार अरोड़ा Mr. Ashwani Kumar Arora,health,दूरभाष / Phone: 044 - 28288800,स्टार हेल्थ एंड एलाइड इंश्योरेंस कंपनी लिमिटेड Star Health & Allied Insurance Co.Ltd.,श्री आनंद रॉय Mr.Anand Roy,7,https://irdai.gov.in/list-of-health-insurers,Web: www.starhealth.in,https://www.starhealth.in
