Sr. No.,Insurer,Registered/Corporate Address,CEO/CMD,Appointed Actuary,Telephone no./Fax no./ Web address of the Insurer,Website
1,Aditya Birla Health Insurance Co. Ltd.,", 1, , 841, , , - 400013 One World Centre, Tower 1, Jupiter Mills Compound, 841, S B Marg, Elphinstone Road, Mumbai - 400013",Mr. Mayank Bathwal,/ Ms. Yogita Arora,/ Phone - 022 62799505 / 62799502 / CCO: 022-62799561,Web:www.adityabirlahealthinsurance.com
2,( ) Care Health Insurance Ltd. (formerly known as Religare Health Insurance Co. Ltd.),", , - 43, , -122009 Vipul Tech Square, Tower C, 3rd Floor Sector- 43, Golf Course Road, Gurgaon -122009",Mr. Anuj Gulati,.. Mr. C.S Dwivedi,/ Tel: 0124 - 6141810 / Fax: 0124 - 6141894,Web: www.careinsurance.com
3,. ( ) Galaxy Health Insurance Company Limited (formerly known as Galaxy Health and Allied Insurance Co. Ltd),", 12 (), #௪௭௧, , , - 600 035 Prestige Polygon, 12th Top Floor (P), #471, Anna Salai, Nandanam, Chennai - 600 035.",Mr. G Srinivasan,Ms. Anupam Bansal,/ Tel:044 - 40017227,Web Address: https://www.galaxyhealth.com/
4,Narayana Health Insurance Ltd.,"261/, , , , - 560099 261/A, Second Floor, Bommasandra Industrial Area, Anekal Talauk, Bengaluru - 560099",() Ms. Sheela Ananth (Designate),Mr. Himanshu Manocha,/ Phone: 9821034071,Web Address: https://narayanahealth.insurance/
5,Manipal Cigna Health Insurance Company Limited,"401/402, , , , (), - 400 063 401/402, 4th Floor, Raheja Titanium, Off Western Express Highway, Goregaon (East), Mumbai - 400 063",--,Mr. Vishal Jain,/ Phone: 1800-102-4462,Web address: www.manipalcigna.com
6,Niva Bupa Health Insurance Co Ltd.,"-98 , 1, -110024 C-98 Lajpat Nagar, Part 1, New Delhi-110024",Mr. Krishnan Ramachandran,Mr. Manish Sen,/ Phone : + 91-11-30902000,Web: www.nivabupa.com
7,Star Health & Allied Insurance Co.Ltd.,"1, , , , - 600 034 Star Health & Allied Insurance Co.Ltd. 1, New Tank Street, Valluvar Kottam High Road, Nungambakkam, Chennai- 600 034",Mr.Anand Roy,Mr. Ashwani Kumar Arora,/ Phone: 044 - 28288800,Web: www.starhealth.in
